BOM combines:					Creation process: pcbom.ulp -> csv with all parameters, open csv, copy paste here, manually rearrange coloumns							Legend:										
axiom_beta_main_board_v0.37 R1.1					axiom_beta_power_board_v0.37 R1.2							light orange lines are THT components										
axiom_beta_interface_dummy_v0.13_r1.2					axiom_beta_sensor_cmv12000_tht_v0.16_r1.4c							Red Text means something needs attention 										
																						
ID	Sub-ID	mehrfach	Qty	Description	Package	Schematic Reference (Silkscreen)	Combined Sch. Reference (*.asc)	PCB	Side	Mount	Tele ID	Digi-Key	Farnell	Mouser	Manufacturer	MPN	Source	Packaging	Stock (11/2020)	Note	Insurance Value (pc)	Datasheet
1	1		12	100n 10V+	0402	C9, C10, C11, C12, C13, C14, C15, C16, C17, C18, C41, C42	C9_MB,  C10_MB,  C11_MB,  C12_MB,  C13_MB,  C14_MB,  C15_MB,  C16_MB,  C17_MB,  C18_MB,  C41_MB,  C42_MB	MB V0.37 R1.1	BOT	SMT	020614 		8819742			GRM155R71C104KA88D	Tele	8mm Reel		KERK SMD 100n 0402 T:X5R +-10% 16V 85°C 		
2	2		23	10n 10V+	0402	C19, C20, C21, C22, C23, C24, C25, C26, C27, C28, C29, C30, C31, C32, C33, C34, C35, C36, C37, C38, C39, C40, C43	C19_MB,  C20_MB,  C21_MB,  C22_MB,  C23_MB,  C24_MB,  C25_MB,  C26_MB,  C27_MB,  C28_MB,  C29_MB,  C30_MB,  C31_MB,  C32_MB,  C33_MB,  C34_MB,  C35_MB,  C36_MB,  C37_MB,  C38_MB,  C39_MB,  C40_MB,  C43_MB	MB V0.37 R1.1	BOT	SMT			1828864		Murata 	GRM155R71C103KA01D	apertus	8mm Tape		lagernd im hub		
3	3		1	Pin Header	1X02M/90-S	JP1	JP1_MB	MB V0.37 R1.1	TOP	THT							apertus		ca 14 stk, bestellen	2mm grid, header, male 90°	TODO	
4	4		2	High Density B2B Connector	DF12(XX)-20DP-0.5V	PB-NW, PB-SE	PB-NW_MB,  PB-SE_MB	MB V0.37 R1.1	BOT	SMT							apertus	16mm Reel		Herbert: ersetzen mit neuen steckern? original discontinued	TODO	TODO
5	5		2	PCI-e Connector	PCIE-36-NOPEG	PCIE-NORTH, PCIE-SOUTH	PCIE-NORTH_MB,  PCIE-SOUTH_MB	MB V0.37 R1.1	BOT	THT			1753906			Samtec PCIE-036-02-F-D-TH	apertus	Tube		PCIe connector for plugin modules	€1.30	https://datasheet.octopart.com/PCIE-036-02-F-D-TH-Samtec-datasheet-97182842.pdf
6	6		4	Pinheader (male)	2X2	PWR-NE, PWR-NW, PWR-SE, PWR-SW	PWR-NE_MB,  PWR-NW_MB,  PWR-SE_MB,  PWR-SW_MB	MB V0.37 R1.1	BOT	THT					Samtec	HTSW-102-14-L-S	apertus			2.54 mm Pitch 2x2 Header	€0.20	https://www.mouser.at/datasheet/2/527/htsw_th-1370242.pdf
7	7		6	4k7 1%	0402	R1, R2, R3, R4, R5, R6	R1_MB,  R2_MB,  R3_MB,  R4_MB,  R5_MB,  R6_MB	MB V0.37 R1.1	BOT	SMT	015773						Tele	8mm Reel		WID SMD 4k7 0402 +-1% 100mW TK100		
8	8		3	10k 1%	0402	R9, R18, R19	R9_MB,  R18_MB,  R19_MB	MB V0.37 R1.1	BOT	SMT	015761						Tele	8mm Reel		WID SMD 10k 0402 +-1% 100mW TK100		
9	9		1	200k 1%	0402	R10	R10_MB	MB V0.37 R1.1	BOT	SMT			2072753				Tele	8mm Reel	bestellen			
10	10		2	MACHXO2-100	MACHXO2-100TQFP	RFE, RFW	RFE_MB,  RFW_MB	MB V0.37 R1.1	TOP	SMT				842-XO21200HC6TG100C			apertus	Tray	bestellen	Lattice MachXO2 FPGA	€8.50	https://datasheet.octopart.com/LCMXO2-1200HC-6TG100C-Lattice-Semiconductor-datasheet-21771964.pdf
11	11		1	SSM3K56FS,LF	SOT416	T1	T1_MB	MB V0.37 R1.1	BOT	SMT		SSM3K56FSLFCT-ND		  757-SSM3K56FSLF			apertus	Tape (Größe?)	bestellen	30 V, single N-channel Trench MOSFET	€0.10	https://www.mouser.at/datasheet/2/408/SSM3K56FS_datasheet_en_20140404-1915941.pdf
12	12		1	PCA9540BDP	SOP65P490X300-8N	U1	U1_MB	MB V0.37 R1.1	TOP	SMT		568-1845-1-ND	2212116	  771-PCA9540BDP-T	NXP	PCA9540BDP	apertus	12mm Reel	40	IC,2-channel I²C-bus multiplexer, 8TSSOP	€0.90	https://datasheet.octopart.com/PCA9540BDP%2C118-Philips-datasheet-10209809.pdf
13	13		2	PIC16F1718-I/MV	QFN40P400X400X55-29N	U2, U3	U2_MB,  U3_MB	MB V0.37 R1.1	BOT	SMT				579-PIC16F1718-I/MV	Microchip	PIC16F1718-I/MV	apertus	Tube -> hat Tele ein passendes Tray? Chip ist 4x4x0.5mm	bestellen	PIC Microcontroller, 8BIT, 14K FLASH, 28UQFN	€1.20	https://datasheet.octopart.com/PIC16F1718-I-MV-Microchip-datasheet-32983191.pdf
14	14		2	High Density B2B Connector	FX10A-100S/10	X-EAST, X-WEST	X-EAST_MB,  X-WEST_MB	MB V0.37 R1.1	TOP	SMT			2427555		Hirose	FX10A-100S/10-SV(91)	apertus	56mm Reel, 12mm Increment, 4mm gear		(71): Tray packaging, (91): Embossed tape packaging	€4.50	https://datasheet.octopart.com/FX10A-100S-10-SV%2891%29-Hirose-datasheet-17291119.pdf
15	15		2	High Density B2B Connector	100 pin 61083-101402LF	JX1, JX2	JX1_MB,  JX2_MB	MB V0.37 R1.1	BOT	SMT					Amphenol ICC / FCI	61083-101402LF	apertus	72mm Tape, 4mm gear, 12mm between parts		reel with pick and place metal caps	€4.00	https://datasheet.octopart.com/61083-101402LF-Amphenol-datasheet-100437232.pdf
16	16		4	Samtec CLT-108-02-L-D-K-TR	Pinheader 2x8	HDR-SE, HDR-NE, HDR-NW, HDR-SW	HDR-SE_MB,  HDR-NE_MB,  HDR-NW_MB,  HDR-SW_MB	MB V0.37 R1.1	TOP	SMT					Samtec	Samtec CLT-108-02-L-D-K-TR	apertus	Reel	bestellen	SMT Header grid 2mm - 2x8	€2.00	https://www.samtec.com/products/clp-108-02-l-d-k-tr
																						
17	1	X	60	100n 10V+	0402	C1, C14, C15, C16, C17, C18, C19, C20, C21, C22, C23, C24, C25, C26, C27, C28, C29, C30, C31, C32, C33, C34, C35, C36, C37, C38, C39, C40, C41, C42, C43, C44, C45, C46, C47, C48, C49, C50, C51, C52, C53, C54, C55, C56, C57, C58, C59, C60, C61, C62, C63, C64, C65, C66, C67, C68, C69, C70, C71, C93	C1_SB,  C14_SB,  C15_SB,  C16_SB,  C17_SB,  C18_SB,  C19_SB,  C20_SB,  C21_SB,  C22_SB,  C23_SB,  C24_SB,  C25_SB,  C26_SB,  C27_SB,  C28_SB,  C29_SB,  C30_SB,  C31_SB,  C32_SB,  C33_SB,  C34_SB,  C35_SB,  C36_SB,  C37_SB,  C38_SB,  C39_SB,  C40_SB,  C41_SB,  C42_SB,  C43_SB,  C44_SB,  C45_SB,  C46_SB,  C47_SB,  C48_SB,  C49_SB,  C50_SB,  C51_SB,  C52_SB,  C53_SB,  C54_SB,  C55_SB,  C56_SB,  C57_SB,  C58_SB,  C59_SB,  C60_SB,  C61_SB,  C62_SB,  C63_SB,  C64_SB,  C65_SB,  C66_SB,  C67_SB,  C68_SB,  C69_SB,  C70_SB,  C71_SB,  C93_SB	SB THT V0.16 R1.5c	BOT	SMT	020614		8819742				Tele	8mm Reel		auch auf MB, KERK SMD 100n 0402 T:X5R        +-10% 16V 85°C 		
18	2		12	4u7 10V+	0402	C72, C73, C74, C75, C76,C77, C78, C79, C80, C84, C89, C92	C72_SB,  C73_SB,  C74_SB,  C75_SB,  C76_SB, C77_SB,  C78_SB,  C79_SB,  C80_SB,  C84_SB,  C89_SB,  C92_SB	SB THT V0.16 R1.5c	BOT	SMT						CC0402MRX5R6BB475	Tele		bestellen			
19	3		3	100u 10V+ +-20%	1206	C81, C86, C87	C81_SB,  C86_SB,  C87_SB	SB THT V0.16 R1.5c	BOT	SMT						GRM31CR61A107ME05K	Tele		bestellen			
20	4		4	10µ 10V+ +-10% sonst +-20%	0603	C82, C83, C85, C88	C82_SB,  C83_SB,  C85_SB,  C88_SB	SB THT V0.16 R1.5c	BOT	SMT	020637						Tele		Bestand: 28	KERK SMD 10u 0603 T:X5R +-10% 25V 85°C		
21	5	X	1	10k 1%	0402	R1X	R1X_SB	SB THT V0.16 R1.5c	BOT	SMT	015761						Tele			WID SMD 10k 0402        +-1% 100mW TK100, auch auf MB		
22	6		3	0R	0402	R23, R24, R2X	R23_SB,  R24_SB,  R2X_SB	SB THT V0.16 R1.5c	BOT	SMT	015782						Tele			AN prüfen, WID SMD 0R 0402 % 62mW TK		
23	7		1	100R	0402	R25	R25_SB	SB THT V0.16 R1.5c	BOT	SMT			9239111			RC0402FR-07100RL	Tele		bestellen	hat Tele nicht, wir haben nur noch wenige		
24	8		2	CMV12000 ANDON Image Sensor Socket Strip 30x4 pins 1.27mm grid	10-30-10-120-400T4-R27-L14	SENSOR	SENSOR_SB	SB THT V0.16 R1.5c	TOP	THT							apertus	Tray		Werkzeug für definierte Eindrucktiefe -> Manfred	35$/paar	in cloud
25	9		3	SN74AVC4T774RSV	QFN40P185X265X55-16N	U4, U5, U6	U4_SB,  U5_SB,  U6_SB	SB THT V0.16 R1.5c	BOT	SMT							apertus	haben noch 64, 12mm tape		4-BIT DUAL-SUPPLY BUS TRANSCEIVER		
26	10		1	PCT2075TP,147	HWSON8	U7	U7_SB	SB THT V0.16 R1.5c	BOT	SMT			2396745				apertus	8mm Reel		Digital temperature sensor and thermal watchdog		https://datasheet.octopart.com/PCT2075TP%2C147-NXP-Semiconductors-datasheet-14857537.pdf
27	11		1	EEPROM	DFN200X300X100-9N	UEP	UEP_SB	SB THT V0.16 R1.5c	BOT	SMT						CAT24C16HU4I-GT3, EEPROM 16kbit, 400kHz UDFN-8	apertus	8mm Tape		CAT24C16HU4I-GT3, EEPROM 16kbit, 400kHz UDFN-8		https://datasheet.octopart.com/CAT24C16HU4I-GT3-ON-Semiconductor-datasheet-8469542.pdf
28	12		2	High Density B2B Connector	FX10A-144P-SV(71)	X-NORTH, X-SOUTH	X-NORTH_SB,  X-SOUTH_SB	SB THT V0.16 R1.5c	BOT	SMT		H123290-ND				FX10A-144P-SV(71)	apertus	56mm Reel, 12mm Increment, 4mm gear				https://datasheet.octopart.com/FX10A-144P-SV%2871%29-Hirose-datasheet-48343725.pdf
																						
34	1	X	1	100n 10V+	0402	C1	C1_IB	IB V0.13 R1.3	BOT	SMT	020614						Tele	8mm Reel		auch auf MB KERK SMD 100n 0402 T:X5R        +-10% 16V 85°C		
35	2		8	47u 10V+	0805	C2, C3, C4, C5, C6, C7, C8, C9	C2_IB,  C3_IB,  C4_IB,  C5_IB,  C6_IB,  C7_IB,  C8_IB,  C9_IB	IB V0.13 R1.3	BOT	SMT					Murata	GRM21BR61A476ME15L	Tele		bestellen			
36	3	X	1	10k	0402	R1	R1_IB	IB V0.13 R1.3	TOP	SMT	015761						Tele	8mm Reel?		auch auf MB		
37	4	X	1	0R	0402	R2	R2_IB	IB V0.13 R1.3	TOP	SMT	015782						Tele	8mm Reel?		auch auf SB		
38	5	X	1	EEPROM	DFN200X300X100-9N?	UEP	UEP_IB	IB V0.13 R1.3	TOP	SMT						CAT24C16HU4I-GT3, EEPROM 16kbit, 400kHz UDFN-8	apertus	8mm Tape		CAT24C16HU4I-GT3, EEPROM 16kbit, 400kHz UDFN-8		
39	6		2	High Density B2B Connector	FX10A-100P/10-SV1	X-EAST, X-WEST	X-EAST_IB,  X-WEST_IB	IB V0.13 R1.3	BOT	SMT		H11246TR-ND					apertus	56mm Reel, 12mm Increment, 4mm gear				
40	7		2	High Density B2B Connector	FX10A-144S-SV	X-NORTH, X-SOUTH	X-NORTH_IB,  X-SOUTH_IB	IB V0.13 R1.3	TOP	SMT		H122464-ND					apertus	56mm Reel, 12mm Increment, 4mm gear				
41	8		4	HTSW-102-14-L-S-ND	PINHEADER	SW, NW, SE, NE	SW_IB,  NW_IB,  SE_IB,  NE_IB	IB V0.13 R1.3	BOT	THT					Samtec	HTSW-102-14-L-S-ND	apertus					
																						
42	1		20	10u 35V+ -20% +80% od. besser	0603	C1, C5, C6, C10, C15, C18, C21, C24, C39, C42, C45, C48, C51, C54, C57, C60, C63, C66, C69, C75	C1_PB,  C5_PB,  C6_PB,  C10_PB,  C15_PB,  C18_PB,  C21_PB,  C24_PB,  C39_PB,  C42_PB,  C45_PB,  C48_PB,  C51_PB,  C54_PB,  C57_PB,  C60_PB,  C63_PB,  C66_PB,  C69_PB,  C75_PB	PB V0.37 R1.2		SMT	020633						Tele		Bestand: 0	KERK SMD 10u 0603 T:X5R +-20% 35V 85°C		
43	2		4	10u 35V+ -20% +80% od. besser	1206	C2, C4, C7, C9	C2_PB,  C4_PB,  C7_PB,  C9_PB	PB V0.37 R1.2	TOP	SMT	020596						Tele			KERK SMD 10u 1206 T:X5R +-10% 50V 85°C		
44	3		2	1n 35V+ +-20% od. besser	0402	C3, C8	C3_PB,  C8_PB	PB V0.37 R1.2		SMT	020645						Tele		Bestand: 0	KERK SMD 1n 0402 T:X7R +-10% 50V 125°C		
45	4		6	10n 10V+ +-20%	0402	C11, C12, C76, C79, C82, C90	C11_PB,  C12_PB,  C76_PB,  C79_PB,  C82_PB,  C90_PB	PB V0.37 R1.2		SMT			1828864		Murata 	GRM155R71C103KA01D	apertus	8mm Reel				
46	5		21	4u7 10V+ +-20%	0603	C13, C16, C19, C22, C27, C30, C33, C36, C37, C40, C43, C46, C49, C52, C55, C58, C61, C64, C67, C70, C73	C13_PB,  C16_PB,  C19_PB,  C22_PB,  C27_PB,  C30_PB,  C33_PB,  C36_PB,  C37_PB,  C40_PB,  C43_PB,  C46_PB,  C49_PB,  C52_PB,  C55_PB,  C58_PB,  C61_PB,  C64_PB,  C67_PB,  C70_PB,  C73_PB	PB V0.37 R1.2	TOP	SMT	020651						Tele		Bestand: 19	KERK SMD 4u7 0603 T:X5R +-20% 10V 85°C		
47	6		13	1u +-20% 10V+	0402	C25, C26, C28, C29, C31, C32, C34, C35, C77, C78, C80, C81, C91	C25_PB,  C26_PB,  C28_PB,  C29_PB,  C31_PB,  C32_PB,  C34_PB,  C35_PB,  C77_PB,  C78_PB,  C80_PB,  C81_PB,  C91_PB	PB V0.37 R1.2		SMT	020660						Tele		Bestand: 32 	KERK SMD 1u 0402 T:X6S +-10% 25V 105°C		
48	7		3	10u 10V+	0603	C72, C83, C84	C72_PB,  C83_PB,  C84_PB	PB V0.37 R1.2		SMT	020637						Tele		Bestand: 28	KERK SMD 10u 0603 T:X5R +-10% 25V 85°C		
49	8	X	6	100n 10V+	0402	C85, C86, C87, C88, C89, C92	C85_PB,  C86_PB,  C87_PB,  C88_PB,  C89_PB,  C92_PB	PB V0.37 R1.2		SMT	020614						Tele	8mm Reel		KERK SMD 100n 0402 T:X5R +-10% 16V 85°C,  auch schon auf MB		
50	9	X	1	4u7 10V+ 	0402	C93	C93_PB	PB V0.37 R1.2		SMT						CC0402MRX5R6BB475	Tele		bestellen	auch schon auf SB		
51	10		2	SPX3819M5-L	SOT95P280X145-5N	CNW, CSE	CNW_PB,  CSE_PB	PB V0.37 R1.2		SMT			1831948		EXAR	SPX3819M5-L	apertus	8mm	bestellen	500mA, LOW-NOISE LDO VOLTAGE REGULATOR	€0.60	https://datasheet.octopart.com/SPX3819M5-L-MaxLinear-datasheet-27119699.pdf
52	11		17	MCP1727-ADJE/MF	DFN65P300X300X100-9N	EE, IOE, IOW, MCN, MCS, MXN, MXS, NE, NN, NW, RFE, RFW, SE, SS, SW, VIO, WW	EE_PB,  IOE_PB,  IOW_PB,  MCN_PB,  MCS_PB,  MXN_PB,  MXS_PB,  NE_PB,  NN_PB,  NW_PB,  RFE_PB,  RFW_PB,  SE_PB,  SS_PB,  SW_PB,  VIO_PB,  WW_PB	PB V0.37 R1.2		SMT			1851979		Microchip	MCP1727-ADJE/MF	apertus	12mm Tape	bestellen	IC, 1.5A, ADJ,Low Voltage, Low Quiescent Current LDO Regulator,DFN-8	€0.62	https://datasheet.octopart.com/MCP1727-ADJE/MF-Microchip-datasheet-8331233.pdf
53	12		1	Ferrite Bead	0402	FB1	FB1_PB	PB V0.37 R1.2		SMT				 81-BLM15PD600SN1D 			Tele		Bestellen	alternativ: 50ohm+ 100mhz, 1.5A+, DC R: kleiner 0.1 ohm	€0.03	
54	13		17	Ferrite Bead	0805	L1, L2, L3, L4, L5, L6, L7, L8, L14, L15, L16, L17, L9, L10, L11, L12, L13	L1_PB,  L2_PB,  L3_PB,  L4_PB,  L5_PB,  L6_PB,  L7_PB,  L8_PB,  L14_PB,  L15_PB,  L16_PB,  L17_PB,  L9_PB,  L10_PB,  L11_PB,  L12_PB,  L13_PB	PB V0.37 R1.2		SMT			2292366				Tele		Bestellen	alternativ: 4A+, 75 ohm +  impedanz, 0.01ohm oder kleiner	€0.05	
55	14		1	Ferrite Bead	0603	L18	L18_PB	PB V0.37 R1.2		SMT	010080			alternativ: 81-BLM18SG330SN1D			Tele		Bestand: 0	FERRITE SMD 120 Ohm 0603 1,6x0,8x0,8mm		ferrite bead, könnten auch tele standardteil nehmen ? 2A, 0603,  25+ ohm 100mhz, dac R sollte klein sein: kleiner 0.05 ohm
56	15		2	Stecker	DF12(XX)-20DP-0.5V	PB-NW, PB-SE	PB-NW_PB,  PB-SE_PB	PB V0.37 R1.2		SMT							apertus			ersetzen mit neuen steckern? -> Bertl		
57	16		1	SSM3K56FS,LF	SOT416	Q1	Q1_PB	PB V0.37 R1.2		SMT		SSM3K56FSLFCT-ND					apertus	tape	Bestellen	30 V, single N-channel Trench MOSFET, bertl will check if it works	€0.10	
58	17		5	102k 0.1%	0402	R2, R10, R37, R24, R32, 	R2_PB,  R10_PB,  R37_PB,  R24_PB,  R32_PB,  _PB	PB V0.37 R1.2		SMT						Welchen? -> Bertl	Tele	Reel	Bestellen			
59	18		5	20k 0.1%	0402	R4, R38, R113, R128, R130	R4_PB,  R38_PB,  R113_PB,  R128_PB,  R130_PB	PB V0.37 R1.2		SMT						Welchen? -> Bertl	Tele	Reel	Bestellen		-	
60	19		14	180k 0.1%	0402	R6, R14, R18, R33, R35, R39, R41, R43, R45, R47, R49, R112, R127, R129	R6_PB,  R14_PB,  R18_PB,  R33_PB,  R35_PB,  R39_PB,  R41_PB,  R43_PB,  R45_PB,  R47_PB,  R49_PB,  R112_PB,  R127_PB,  R129_PB	PB V0.37 R1.2	TOP	SMT						Welchen? -> Bertl	Tele	Reel	Bestellen		-	
61	20		11	25k5 0.1%	0402	R8, R16, R20, R34, R36, R40, R42, R44, R46, R48, R50	R8_PB,  R16_PB,  R20_PB,  R34_PB,  R36_PB,  R40_PB,  R42_PB,  R44_PB,  R46_PB,  R48_PB,  R50_PB	PB V0.37 R1.2		SMT						Welchen? -> Bertl	Tele	Reel	Bestellen		-	
62	21		1	28k 0.1%	0402	R12	R12_PB	PB V0.37 R1.2		SMT						Welchen? -> Bertl	Tele	Reel	Bestellen		-	
63	22		2	147k 0.1%	0402	R22, R30	R22_PB,  R30_PB	PB V0.37 R1.2		SMT						Welchen? -> Bertl	Tele	Reel	Bestellen		-	
64	23		1	22k 1%	0402	R84	R84_PB	PB V0.37 R1.2		SMT	015767						Tele	8mm Reel?		WID SMD 22k 0402 +-1% 100mW TK100	-	
65	24		1	124k 0.1%	0402	R26	R26_PB	PB V0.37 R1.2		SMT						Welchen? -> Bertl	Tele	Reel	Bestellen		-	
66	25		1	19k6 0.1%	0402	R28	R28_PB	PB V0.37 R1.2		SMT						Welchen? -> Bertl	Tele	Reel	Bestellen		-	
67	26		22	0R02	1206	R51, R52, R53, R54, R55, R56, R57, R58, R59, R60, R61, R62, R63, R64, R65, R66, R67, R68, R69, R70, R71, R72	R51_PB,  R52_PB,  R53_PB,  R54_PB,  R55_PB,  R56_PB,  R57_PB,  R58_PB,  R59_PB,  R60_PB,  R61_PB,  R62_PB,  R63_PB,  R64_PB,  R65_PB,  R66_PB,  R67_PB,  R68_PB,  R69_PB,  R70_PB,  R71_PB,  R72_PB	PB V0.37 R1.2		SMT				756-LRMAM1206R02FT5			Tele	Reel	Bestellen			
68	27		1	750R 1%	0402	R73	R73_PB	PB V0.37 R1.2		SMT			2073236	CRG0402F750R			Tele	Reel	Bestellen			
69	28		1	1k27 1%	0402	R74	R74_PB	PB V0.37 R1.2		SMT			2072596				Tele	Reel	Bestellen			
70	29		1	430R 1%	0402	R75	R75_PB	PB V0.37 R1.2	TOP	SMT			2073029				Tele	Reel	Bestellen			
71	30		1	0R	0402	R76	R76_PB	PB V0.37 R1.2		SMT	015782						Tele	8mm Reel				
72	31		1	100R 1%	0402	R77	R77_PB	PB V0.37 R1.2		SMT			9239111				Tele	Reel	Bestellen			
73	32		1	560R	0402	R78	R78_PB	PB V0.37 R1.2	TOP	SMT	015800						Tele	Reel	Bestand: 0	WID SMD 560R 0402 +-1% 62,5mW TK100		
74	33		1	5k6 1%	0402	R79	R79_PB	PB V0.37 R1.2	BOT	SMT			2073130				Tele	Reel	Bestellen			
75	34		1	9k1 1%	0402	R80	R80_PB	PB V0.37 R1.2	BOT	SMT			2073309				Tele	Reel	Bestellen			
76	35		1	2k0 1%	0402	R81	R81_PB	PB V0.37 R1.2	BOT	SMT			2073309		Yageo 	RC0402FR-072KL	Tele	Reel	Bestellen			
77	36		1	1k6 1%	0402	R82	R82_PB	PB V0.37 R1.2		SMT			2072669				apertus	8mm Reel				
78	37		1	2k7 1%	0402	R83	R83_PB	PB V0.37 R1.2	BOT	SMT			2072855				Tele	Reel	Bestellen			
79	38		4	10k 1%	0402	R85, R87, R109, R126	R85_PB,  R87_PB,  R109_PB,  R126_PB	PB V0.37 R1.2		SMT	015761						Tele	8mm Reel		WID SMD 10k 0402 +-1% 100mW TK100		
80	39		2	13k 1%	0402	R86, R88	R86_PB,  R88_PB	PB V0.37 R1.2		SMT							?			ersetzen um zeile einzusparen? ->  Bertl		
81	40		1	3k 1%	0402	R89	R89_PB	PB V0.37 R1.2	BOT	SMT							?			ersetzen um zeile einzusparen? ->  Bertl		
82	41		1	15k 1%	0402	R90	R90_PB	PB V0.37 R1.2		SMT							?			ersetzen um zeile einzusparen? ->  Bertl		
83	42		1	1k 1%	0402	R91	R91_PB	PB V0.37 R1.2		SMT							?			ersetzen um zeile einzusparen? ->  Bertl		
84	43	X	16	4k7 1%	0402	R92, R93, R95, R96, R97, R98, R100, R101, R102, R103, R105, R106, R107, R108, R120, R121	R92_PB,  R93_PB,  R95_PB,  R96_PB,  R97_PB,  R98_PB,  R100_PB,  R101_PB,  R102_PB,  R103_PB,  R105_PB,  R106_PB,  R107_PB,  R108_PB,  R120_PB,  R121_PB	PB V0.37 R1.2	BOT	SMT	015773						Tele	8mm Reel		WID SMD 4k7 0402        +-1% 100mW TK100, auch auf MB		
85	44		4	200k 1%	0402	R94, R99, R104, R119	R94_PB,  R99_PB,  R104_PB,  R119_PB	PB V0.37 R1.2	TOP	SMT			2072754				?	8mm Reel				
86	45		1	523k 0.1%	0402	R110	R110_PB	PB V0.37 R1.2		SMT						Welchen? -> Bertl	Tele	Reel	Bestellen	Bertl sucht noch ob wir bestehende nehmen können		
87	46		1	536k 0.1%	0402	R114	R114_PB	PB V0.37 R1.2		SMT						Welchen? -> Bertl	Tele	Reel	Bestellen	Bertl sucht noch ob wir bestehende nehmen können		
88	47		5	100k 0.1%	0402	R111, R115, R116, R117, R118	R111_PB,  R115_PB,  R116_PB,  R117_PB,  R118_PB	PB V0.37 R1.2		SMT						Welchen? -> Bertl	Tele	Reel	Bestellen	Bertl sucht noch ob wir bestehende nehmen können		
89	48		4	49K9 1%	0402	R122, R123, R124, R125	R122_PB,  R123_PB,  R124_PB,  R125_PB	PB V0.37 R1.2		SMT			2446499				apertus	8mm Reel	10000			
90	49		1	Traceability Pad 91658	3X2MM	S/N	S/N_PB	PB V0.37 R1.2		SMT	?				Molex	91658	Tele			Traceability Pad 91658		
91	50		1	MICRO-SD-2CD	TF-MICRO-SD_PP2	SD1	SD1_PB	PB V0.37 R1.2		SMT			2081363				apertus	24mm Tape				
92	51		1	PIC16F15325-JQ	UQFN65P400X400X100-17N	U1	U1_PB	PB V0.37 R1.2		SMT				579-PIC16F15325TI/JQ	579-PIC16F15325TI/JQ		apertus	Tape?	Bestellen		€0.77	https://datasheet.octopart.com/PIC16F15325T-I-JQ-Microchip-datasheet-86091128.pdf
93	52		2	TPS82130SIL-GM	SIL0008D-GM	U2, U3	U2_PB,  U3_PB	PB V0.37 R1.2		SMT					595-TPS82130SILR		apertus	?	Bestellen	3-A 17V Step-down Converter Module with Integrated Inductor	€2.50	https://www.ti.com/lit/gpn/tps82130
94	53		4	PCA9306GM	XQFN-8	U4, U5, U25, U30	U4_PB,  U5_PB,  U25_PB,  U30_PB	PB V0.37 R1.2		SMT				771-PCA9306GM125	 863-PCA9306AMUTCG 		apertus	?	Bestellen	Bidirectional low voltage translator,SOIC-8	€0.40	https://datasheet.octopart.com/PCA9306GM%2C125-NXP-Semiconductors-datasheet-11551516.pdf
95	54		4	MCP23018-E/MJ	QFN50P400X400X80-25N	U6, U7, U8, U9	U6_PB,  U7_PB,  U8_PB,  U9_PB	PB V0.37 R1.2		SMT			1854489				apertus	tube -> tray (4x4x0.9mm)?	Bestellen	haben nur noch ein paar im hub lagernd	€1.15	https://datasheet.octopart.com/MCP23018-E/MJ-Microchip-datasheet-8329678.pdf
96	55		4	AP7312-3333W6-7	SOT23-6	U10, U11, U12, U13	U10_PB,  U11_PB,  U12_PB,  U13_PB	PB V0.37 R1.2		SMT					621-AP7312-3333W6-7		apertus	8mm Tape	ca. 100	Dual Output SOT23-6 Linear Regulators	€0.30	https://datasheet.octopart.com/AP7312-3333W6-7-Diodes-Inc.-datasheet-11761592.pdf
97	56		11	PAC1720	DFN3X3_10LEAD	U14, U15, U16, U17, U18, U19, U20, U21, U22, U23, U24	U14_PB,  U15_PB,  U16_PB,  U17_PB,  U18_PB,  U19_PB,  U20_PB,  U21_PB,  U22_PB,  U23_PB,  U24_PB	PB V0.37 R1.2	BOT/TOP	SMT					579-PAC1720-1-AIA-TR		apertus	12mm tape	Bestellen	haben zu wenige im hub	€0.84	https://datasheet.octopart.com/PAC1720-1-AIA-TR-Microchip-datasheet-62307927.pdf
98	57		1	SC202A	MLPQ-13	U26	U26_PB	PB V0.37 R1.2		SMT					947-SC202AMLTRT		apertus	Cut Tape/Reel	Bestellen		€1.25	https://datasheet.octopart.com/SC202AMLTRT-Semtech-datasheet-41203818.pdf
99	58		1	TS3A4751	SOP65P640X120-14N	U27	U27_PB	PB V0.37 R1.2		SMT				44703963	595-TS3A4751PWR 		apertus	Cut Tape/Reel	Bestellen		€0.75	https://www.ti.com/lit/ds/symlink/ts3a4751.pdf?ts=1606467534063
100	59		1	IP4251CZ16-8-TTL	SON40P135X330X55-17N	U28	U28_PB	PB V0.37 R1.2	BOT	SMT				771-IP4251CZ168TTL1	NXP	IP4251CZ16-8-TTL	apertus	Cut Tape/Reel	Bestellen	passive filter network	€0.26	https://datasheet.octopart.com/IP4251CZ16-8-TTL%2C1-Nexperia-datasheet-87581341.pdf
101	60	X	1	PCT2075TP,147	HWSON8	U29	U29_PB	PB V0.37 R1.2	TOP	SMT			2396745				apertus			Digital temperature sensor and thermal watchdog, auch schon am SB	TODO	TODO
102	61		1	NCP715	DFN150X150X50-6N	U31	U31_PB	PB V0.37 R1.2		SMT				863-NCP715MX30TBG 			apertus	Cut Tape	Bestellen	Spannungsregler	€0.46	https://datasheet.octopart.com/NCP715MX30TBG-ON-Semiconductor-datasheet-33006861.pdf
103	62		1	5pin Stecker	PICO-SPOX-5	X1	X1_PB	PB V0.37 R1.2		SMT			1711330				apertus	16mm Tape	~50		€0.50	https://datasheet.octopart.com/874380543-Molex-datasheet-166176.pdf
104	63		1	Pin Header 2x2 90° 	2X2 / 90°	X2	X2_PB	PB V0.37 R1.2		THT					Samtec	HTSW-102-08-G-D-RA	apertus		Bestellen	90° angle PIN HEADER 2x2, samples ordered to bertl 23.11.2020, unfortunately its too high: 6.1mm instead of the 5mm space we have, ordered more samples of tsw-102-08-l-d-ra & TSW-102-08-L-D-RA	€0.35	https://sigma.octopart.com/14433675/technical_drawing/Samtec-HTSW-102-08-G-D-RA.pdf
105	64		2	High Density B2B Connector	100 pin 61083-103402LF	JX1B, JX2B	JX1B_PB,  JX2B_PB	PB V0.37 R1.2	BOT	SMT				649-61083-103402LF			apertus	72mm Tape, 4mm gear, 12mm between parts	Bestellen	mating height zu microzed 7mm, package with metal caps for pick and place machine	€3.00	https://datasheet.octopart.com/61083-103402LF-Amphenol-datasheet-100437232.pdf
106	65		2	High Density B2B Connector	100 pin 61082-101402LF	JX1T, JX2T	JX1T_PB,  JX2T_PB	PB V0.37 R1.2	TOP	SMT				649-61082-101402LF			apertus	72mm Tape, 4mm gear, 12mm between parts	Bestellen	mating height zu mainboard 5mm, package with metal caps for pick and place machine	€6.00	https://datasheet.octopart.com/61082-101402LF-FCI-datasheet-5317982.pdf
107	66		4	SMT Vertical Socket Header WR-PHD, Pitch 2.54 mm, Dual Row, 8 pins	Pinbuchse 2x4	PWR-NE, PWR-NE, PWR-SW, PWR-SE	PWR-NE_PB,  PWR-NE_PB,  PWR-SW_PB,  PWR-SE_PB	PB V0.37 R1.2	BOT	SMT					Samtec 	CLH-104-L-D-BE-K-TR	apertus	Cut Tape/Reel	Bestellen		€1.15	https://datasheet.octopart.com/CLH-104-L-D-BE-K-TR-Samtec-datasheet-14716336.pdf
108	67		1	Diode	DFN1006D2	D1	D1_PB	PB V0.37 R1.2		SMT			2191801	771-PMEG2010BELD,315			Tele	Cut Tape/Reel	Bestellen		€0.12	https://datasheet.octopart.com/PMEG2010BELD%2C315-Nexperia-datasheet-87844673.pdf
																						
																						
																						
						Verschiedene Komponenten (SMT)		92														
						Verschiedene Komponenten (THT)		6														
																						
						davon verschiedene Standardkomponenten (bereits in Tele ERP)		17														
						davon verschiedene beigestellte Komponenten (noch nicht in Tele ERP)		81														
																						
						Platzierungen pro Panel (SMT)		442														
						Platzierungen pro Panel (THT)		14														
																						
						Verschiedene Komponenten SMT die für die andere Seite gerüstet bleiben können		TODO														